dungeonType,dungeonSeries,dungeonName,dungeonBoss,dungeonLink
活動地下城,7月挑戰,Lv10,4794,http://pad.skyozora.com/stage/7%E6%9C%88%E3%81%AE%E3%82%AF%E3%82%A8%E3%82%B9%E3%83%88%20%E4%B8%8A%E7%B4%9A%E8%80%85%E5%90%91%E3%81%91/%E3%83%81%E3%83%A3%E3%83%AC%E3%83%B3%E3%82%B8Lv10
活動地下城,7月挑戰,Lv9,985,http://pad.skyozora.com/stage/7%E6%9C%88%E3%81%AE%E3%82%AF%E3%82%A8%E3%82%B9%E3%83%88%20%E4%B8%8A%E7%B4%9A%E8%80%85%E5%90%91%E3%81%91/%E3%83%81%E3%83%A3%E3%83%AC%E3%83%B3%E3%82%B8Lv9
活動地下城,7月挑戰,Lv8【固定隊伍】,2006,http://pad.skyozora.com/stage/7%E6%9C%88%E3%81%AE%E3%82%AF%E3%82%A8%E3%82%B9%E3%83%88%20%E4%B8%8A%E7%B4%9A%E8%80%85%E5%90%91%E3%81%91/%E3%83%81%E3%83%A3%E3%83%AC%E3%83%B3%E3%82%B8Lv8%E3%80%90%E5%9B%BA%E5%AE%9A%E3%83%81%E3%83%BC%E3%83%A0%E3%80%91
技術地下城,裏・極限の闘技場,裏運命の三針,1674,http://pad.skyozora.com/stage/%E8%A3%8F%E3%83%BB%E6%A5%B5%E9%99%90%E3%81%AE%E9%97%98%E6%8A%80%E5%A0%B4/%E8%A3%8F%E9%81%8B%E5%91%BD%E3%81%AE%E4%B8%89%E9%87%9D
技術地下城,極限の闘技場,異形の存在,4742,http://pad.skyozora.com/stage/%E6%A5%B5%E9%99%90%E3%81%AE%E9%97%98%E6%8A%80%E5%A0%B4/%E7%95%B0%E5%BD%A2%E3%81%AE%E5%AD%98%E5%9C%A8
技術地下城,極限の闘技場,双極の女神3,2078,http://pad.skyozora.com/stage/%E6%A5%B5%E9%99%90%E3%81%AE%E9%97%98%E6%8A%80%E5%A0%B4/%E5%8F%8C%E6%A5%B5%E3%81%AE%E5%A5%B3%E7%A5%9E3
降臨地下城,ドロシー降臨,魔法と旅する者,5390,http://pad.skyozora.com/stage/%E3%83%89%E3%83%AD%E3%82%B7%E3%83%BC%E9%99%8D%E8%87%A8%EF%BC%81/%E9%AD%94%E6%B3%95%E3%81%A8%E6%97%85%E3%81%99%E3%82%8B%E8%80%85%20%E5%A3%8A%E6%BB%85%E7%B4%9A
降臨地下城,エリス降臨,狂女神【全屬性必須】,5318,http://pad.skyozora.com/stage/%E3%82%A8%E3%83%AA%E3%82%B9%E9%99%8D%E8%87%A8%EF%BC%81/%E7%8B%82%E5%A5%B3%E7%A5%9E%20%E5%A3%8A%E6%BB%85%E7%B4%9A
降臨地下城,レイワ降臨,激動の監視者,5302,http://pad.skyozora.com/stage/%E3%83%AC%E3%82%A4%E3%83%AF%E9%99%8D%E8%87%A8%EF%BC%81/%E6%BF%80%E5%8B%95%E3%81%AE%E7%9B%A3%E8%A6%96%E8%80%85%20%E6%BA%80%E5%A4%A9%E7%B4%9A
降臨地下城,シェヘラザード降臨,静夜の語り手,5173,http://pad.skyozora.com/stage/%E3%82%B7%E3%82%A7%E3%83%98%E3%83%A9%E3%82%B6%E3%83%BC%E3%83%89%E9%99%8D%E8%87%A8%EF%BC%81/%E9%9D%99%E5%A4%9C%E3%81%AE%E8%AA%9E%E3%82%8A%E6%89%8B%20%E5%A3%8A%E6%BB%85%E7%B4%9A
降臨地下城,チィリン降臨,七星の避邪姫,5119,http://pad.skyozora.com/stage/%E3%83%81%E3%82%A3%E3%83%AA%E3%83%B3%E9%99%8D%E8%87%A8%EF%BC%81/%E4%B8%83%E6%98%9F%E3%81%AE%E9%81%BF%E9%82%AA%E5%A7%AB%20%E5%A3%8A%E6%BB%85%E7%B4%9A
降臨地下城,リベルタス降臨,自由神【全屬性必須】,5057,http://pad.skyozora.com/stage/%E3%83%AA%E3%83%99%E3%83%AB%E3%82%BF%E3%82%B9%E9%99%8D%E8%87%A8%EF%BC%81/%E8%87%AA%E7%94%B1%E7%A5%9E%20%E5%A3%8A%E6%BB%85%E7%B4%9A
降臨地下城,ザッハーク降臨,魔蛇龍【沒有天降】,5035,http://pad.skyozora.com/stage/%E3%82%B6%E3%83%83%E3%83%8F%E3%83%BC%E3%82%AF%E9%99%8D%E8%87%A8%EF%BC%81/%E9%AD%94%E8%9B%87%E9%BE%8D%20%E5%A3%8A%E6%BB%85%E7%B4%9A
降臨地下城,ケツァルコアトル降臨,石蛇龍【同寵禁止】,4906,http://pad.skyozora.com/stage/%E3%82%B1%E3%83%84%E3%82%A1%E3%83%AB%E3%82%B3%E3%82%A2%E3%83%88%E3%83%AB%E9%99%8D%E8%87%A8%EF%BC%81/%E7%9F%B3%E8%9B%87%E9%BE%8D%20%E5%A3%8A%E6%BB%85%E7%B4%9A
降臨地下城,マイネ降臨,灯龍喚士,4833,http://pad.skyozora.com/stage/%E3%83%9E%E3%82%A4%E3%83%8D%E9%99%8D%E8%87%A8%EF%BC%81/%E7%81%AF%E9%BE%8D%E5%96%9A%E5%A3%AB%20%E5%A3%8A%E6%BB%85%E7%B4%9A
降臨地下城,リントヴルム降臨,海蛇龍,4733,http://pad.skyozora.com/stage/%E3%83%AA%E3%83%B3%E3%83%88%E3%83%B4%E3%83%AB%E3%83%A0%E9%99%8D%E8%87%A8%EF%BC%81/%E6%B5%B7%E8%9B%87%E9%BE%8D%20%E5%A3%8A%E6%BB%85%E7%B4%9A
降臨地下城,ニーズヘッグ降臨,獄蛇龍,4652,http://pad.skyozora.com/stage/%E3%83%8B%E3%83%BC%E3%82%BA%E3%83%98%E3%83%83%E3%82%B0%E9%99%8D%E8%87%A8%EF%BC%81/%E7%8D%84%E8%9B%87%E9%BE%8D%20%E5%A3%8A%E6%BB%85%E7%B4%9A
降臨地下城,ソール＆マーニ降臨,星運神,4744,http://pad.skyozora.com/stage/%E3%82%BD%E3%83%BC%E3%83%AB%EF%BC%86%E3%83%9E%E3%83%BC%E3%83%8B%E9%99%8D%E8%87%A8%EF%BC%81/%E6%98%9F%E9%81%8B%E7%A5%9E%20%E5%A3%8A%E6%BB%85%E7%B4%9A
降臨地下城,エイル降臨,医女神【沒有天降】,4635,http://pad.skyozora.com/stage/%E3%82%A8%E3%82%A4%E3%83%AB%E9%99%8D%E8%87%A8%EF%BC%81/%E5%8C%BB%E5%A5%B3%E7%A5%9E%20%E5%A3%8A%E6%BB%85%E7%B4%9A
降臨地下城,パネラ降臨,新星の獣使い,4421,http://pad.skyozora.com/stage/%E3%83%91%E3%83%8D%E3%83%A9%E9%99%8D%E8%87%A8%EF%BC%81/%E6%96%B0%E6%98%9F%E3%81%AE%E7%8D%A3%E4%BD%BF%E3%81%84%20%E5%A3%8A%E6%BB%85%E7%B4%9A
降臨地下城,ヘキサゼオン降臨,六天の星霜龍,4231,http://pad.skyozora.com/stage/%E3%83%98%E3%82%AD%E3%82%B5%E3%82%BC%E3%82%AA%E3%83%B3%E9%99%8D%E8%87%A8%EF%BC%81/%E5%85%AD%E5%A4%A9%E3%81%AE%E6%98%9F%E9%9C%9C%E9%BE%8D%20%E5%A3%8A%E6%BB%85%E7%B4%9A
降臨地下城,ジル＝レガート降臨,千年城の魔王,4121,http://pad.skyozora.com/stage/%E3%82%B8%E3%83%AB%EF%BC%9D%E3%83%AC%E3%82%AC%E3%83%BC%E3%83%88%E9%99%8D%E8%87%A8%EF%BC%81/%E5%8D%83%E5%B9%B4%E5%9F%8E%E3%81%AE%E9%AD%94%E7%8E%8B%20%E5%A3%8A%E6%BB%85%E7%B4%9A
降臨地下城,ルシャナ降臨,唱導神【同寵禁止】,3967,http://pad.skyozora.com/stage/%E3%83%AB%E3%82%B7%E3%83%A3%E3%83%8A%E9%99%8D%E8%87%A8%EF%BC%81/%E5%94%B1%E5%B0%8E%E7%A5%9E%20%E5%A3%8A%E6%BB%85%E7%B4%9A
普通地下城,極練の闘技場,風華の悪戯,3311,http://pad.skyozora.com/stage/%E6%A5%B5%E7%B7%B4%E3%81%AE%E9%97%98%E6%8A%80%E5%A0%B4/%E9%A2%A8%E8%8F%AF%E3%81%AE%E6%82%AA%E6%88%AF
普通地下城,練磨の闘技場,魔法の極才,4650,http://pad.skyozora.com/stage/%E7%B7%B4%E7%A3%A8%E3%81%AE%E9%97%98%E6%8A%80%E5%A0%B4/%E9%AD%94%E6%B3%95%E3%81%AE%E6%A5%B5%E6%89%8D
